{
  "type": "minecraft:crafting_shaped",
  "category": "equipment",
  "key": {
    "G": "minecraft:leather"
  },
  "pattern": [
    "G G",
    "GGG"
  ],
  "result": {
    "count": 1,
    "id": "minecraft:poisonous_potato",
    "components": {
    "minecraft:item_name": {
        "text": "Butcher's Headband"
    },
    "minecraft:item_model": "villager_vanity:butcher_headband",
    "minecraft:max_stack_size": 1,
    "!minecraft:consumable": {},
    "!minecraft:food": {},
    "minecraft:equippable": {
        "slot": "head"
    }
    }
  }
}