{
  "type": "minecraft:crafting_shaped",
  "category": "equipment",
  "key": {
    "I": "white_wool",
    "G": "minecraft:orange_carpet"
  },
  "pattern": [
    " I ",
    "GGG"
  ],
  "result": {
    "count": 1,
    "id": "minecraft:poisonous_potato",
    "components": {
    "minecraft:item_name": {
        "text": "Dusty Cap"
    },
    "minecraft:item_model": "villager_vanity:desert_cap",
    "minecraft:max_stack_size": 1,
    "!minecraft:consumable": {},
    "!minecraft:food": {},
    "minecraft:equippable": {
        "slot": "head"
    }
    }
  }
}