{
  "type": "minecraft:crafting_shaped",
  "category": "equipment",
  "key": {
    "G": "minecraft:book",
    "I": "minecraft:glass_pane"
  },
  "pattern": [
    "G ",
    "II"
  ],
  "result": {
    "count": 1,
    "id": "minecraft:poisonous_potato",
    "components": {
      "minecraft:item_name": {
        "text": "Librarian's Book and Glasses"
      },
      "minecraft:item_model": "villager_vanity:librarian_book",
      "minecraft:max_stack_size": 1,
      "!minecraft:consumable": {},
      "!minecraft:food": {},
      "minecraft:equippable": {
        "slot": "head"
      }
    }
  }
}