{
  "type": "minecraft:crafting_shaped",
  "category": "equipment",
  "key": {
    "G": "minecraft:brown_wool",
    "W": "minecraft:brown_carpet"
  },
  "pattern": [
    "GGG",
    "W W"
  ],
  "result": {
    "count": 1,
    "id": "minecraft:poisonous_potato",
    "components": {
    "minecraft:item_name": {
        "text": "Shepherd's Cap"
    },
    "minecraft:item_model": "villager_vanity:shepherd_hat",
    "minecraft:max_stack_size": 1,
    "!minecraft:consumable": {},
    "!minecraft:food": {},
    "minecraft:equippable": {
        "slot": "head"
    }
    }
  }
}