{
  "type": "minecraft:crafting_shaped",
  "category": "equipment",
  "key": {
    "G": "minecraft:white_carpet",
    "W": "minecraft:cyan_wool"
  },
  "pattern": [
    " G ",
    "W W"
  ],
  "result": {
    "count": 1,
    "id": "minecraft:poisonous_potato",
    "components": {
    "minecraft:item_name": {
        "text": "Snowy Cap"
    },
    "minecraft:item_model": "villager_vanity:snow_cap",
    "minecraft:max_stack_size": 1,
    "!minecraft:consumable": {},
    "!minecraft:food": {},
    "minecraft:equippable": {
        "slot": "head"
    }
    }
  }
}