{
  "type": "minecraft:crafting_shaped",
  "category": "equipment",
  "key": {
    "G": "minecraft:leather",
    "W": "minecraft:lily_pad"
  },
  "pattern": [
    "W",
    "G"
  ],
  "result": {
    "count": 1,
    "id": "minecraft:poisonous_potato",
    "components": {
    "minecraft:item_name": {
        "text": "Wet Lilypad"
    },
    "minecraft:item_model": "villager_vanity:swamp_lilypad",
    "minecraft:max_stack_size": 1,
    "!minecraft:consumable": {},
    "!minecraft:food": {},
    "minecraft:equippable": {
        "slot": "head"
    }
    }
  }
}